"백종원  뚝섬  경양식, 표절 논란?  뚝섬  플레이티드 vs 윤경양식당",http://blog.naver.com/treewg?Redirect=Log&logNo=221323550598
백종원의 골목식당  뚝섬  경양식 사장 생생정보 출현과 표절 논란,http://blog.naver.com/zhfaorrmfotm?Redirect=Log&logNo=221324034662
생생정보통  뚝섬  경양식 맛집 출현? 골목식당 경양식집 이슈에... ,http://blog.naver.com/jin0947?Redirect=Log&logNo=221323860518
 뚝섬  경양식 끝까지 고구마만 먹이고 끝났네요 아오 백종원의... ,http://blog.naver.com/sjosjosjo?Redirect=Log&logNo=221323627268
백종원의 골목식당  뚝섬  소년아저씨 족발집 후기,http://blog.naver.com/ppoby1004?Redirect=Log&logNo=221323261779
한강수영장  뚝섬 수영장 주말풍경,http://blog.naver.com/wendy523?Redirect=Log&logNo=221320592776
 뚝섬 카페 사이사(SAISA) 카페,http://blog.naver.com/pure_o_o?Redirect=Log&logNo=221324023132
단행본 “ 뚝섬  무지개”에 대하여,http://blog.naver.com/jmw8282?Redirect=Log&logNo=221324085100
백종원의 골목식당  뚝섬  배테랑 수제버거 테이도 보고옴,http://blog.naver.com/sky52640?Redirect=Log&logNo=221303950643
말 많은 [백종원의 골목식당]  뚝섬  편 경양식집 플레이티드,http://blog.naver.com/bionicsoul?Redirect=Log&logNo=221323651024
백종원의 골목식당  뚝섬  쌀국수 봉주르! 샐러드집 업종변경,http://blog.naver.com/sjewelryshop?Redirect=Log&logNo=221314013841
[팀미션] 신기방기전기 -  뚝섬 유원지에서 전기안전을 외치다!,http://blog.naver.com/kescomiri?Redirect=Log&logNo=221322717469
 뚝섬 역 - 맛집 진짜 맛있는 묵은지닭도리탕,http://blog.naver.com/mtn44?Redirect=Log&logNo=221321764478
런자매와 함께 달린 2018 나이트레이스  뚝섬  후기,http://blog.naver.com/winslo25?Redirect=Log&logNo=221322548299
 뚝섬  쌀국수집 골목식당 샐러드집 봉주르 쌀국수,http://blog.naver.com/sajapyung?Redirect=Log&logNo=221323790398
[30일 챌린지] Day 4 - 2018  뚝섬  나이트 레이스 참여 후기,http://blog.naver.com/loploo?Redirect=Log&logNo=221319291182
 뚝섬  한강수영장 개장~!,http://blog.naver.com/dbwls0315?Redirect=Log&logNo=221309598043
"여름을 찾아 떠난 여행 :: 안양천 미니해바라기,  뚝섬  능소화벽",http://blog.naver.com/juliet548?Redirect=Log&logNo=221311253353
 뚝섬  한강수영장 이용 정보,http://blog.naver.com/newsta?Redirect=Log&logNo=221317721367
(708m) &amp;  뚝섬 암장 '폭염속에 릿지산행은 미친 짓이야' (1),http://blog.naver.com/ghangho1004?Redirect=Log&logNo=221323406923
"백종원의 골목식당  뚝섬  그 후..(인천편, 족발, 수제버거... ",http://blog.naver.com/precesion?Redirect=Log&logNo=221299718071
"한강수영장 개장 잠실,  뚝섬 , 여의도, 잠원, 난지 물놀이장... ",http://blog.naver.com/lyj0088?Redirect=Log&logNo=221314961106
"축적의 힘,  뚝섬 골목 비난하지 말자",http://blog.naver.com/smoker3?Redirect=Log&logNo=221307397116
백종원의 골목식당  뚝섬 편 생선구이 생선보감,http://blog.naver.com/jsjung1999?Redirect=Log&logNo=221308662661
한강  뚝섬  수영장,http://blog.naver.com/fakedrug?Redirect=Log&logNo=221315876785
[ 뚝섬 유원지역] 자벌레 꿈틀프로그램 유아체험,http://blog.naver.com/dpqmsanwha?Redirect=Log&logNo=221320579997
[ 뚝섬  유원지] 2018.07.07 자전거 타고 ‘한강라면’ 먹기~,http://blog.naver.com/clzl128?Redirect=Log&logNo=221315578636
골목식당 플레이티드  뚝섬  경양식집 돈까스 후기,http://blog.naver.com/sajapyung?Redirect=Log&logNo=221322673974
 뚝섬 역 맛집 성수등갈비찜에서 저녁 데이트,http://blog.naver.com/gospel416?Redirect=Log&logNo=221318737727
[ 뚝섬 역 맛집] 성수동 간판없는집 - 매운닭발 성애자들 이리... ,http://blog.naver.com/sielle83?Redirect=Log&logNo=221317752356
강남교자 : 성수동( 뚝섬 역) 칼국수 만두 전문 식당,http://blog.naver.com/yjoshjh?Redirect=Log&logNo=221323470810
 뚝섬  경양식 리뷰-윤경양식당,http://blog.naver.com/mymy315?Redirect=Log&logNo=221314939215
(708m) &amp;  뚝섬 암장 '폭염속에 릿지산행은 미친 짓이야' (2),http://blog.naver.com/ghangho1004?Redirect=Log&logNo=221323408305
 뚝섬 유원지역 맛집 강력추천 팬케익팬트리,http://blog.naver.com/parkjin0413?Redirect=Log&logNo=221323531679
골목식당  뚝섬 역 경양식집 들려봤네요,http://blog.naver.com/staroflight?Redirect=Log&logNo=221320200960
퇴근 후  뚝섬 나들이,http://blog.naver.com/you_0604?Redirect=Log&logNo=221320044758
성수 맛집 빵의 정석  뚝섬 역 빵집,http://blog.naver.com/ilho6004?Redirect=Log&logNo=221321661840
한강 뚝섬  캠핑장 예약방법  뚝섬 수영장에서 놀고 캠핑까지,http://blog.naver.com/felti?Redirect=Log&logNo=221315631340
 뚝섬 유원지 ＆  뚝섬  자벌레(전망문화콤플렉스),http://blog.naver.com/chojh0616?Redirect=Log&logNo=221320586991
백종원의 골목식당  뚝섬 편 소년아저씨 족발집,http://blog.naver.com/jsjung1999?Redirect=Log&logNo=221309697020
백종원의 골목식당  뚝섬  배윤경 테이 배테랑수제버거,http://blog.naver.com/sajapyung?Redirect=Log&logNo=221311902100
"[ 뚝섬 골목] 고퀄리티 오므라이스, 계란의 변신",http://blog.naver.com/nio9227?Redirect=Log&logNo=221315334530
[선릉맛집]  뚝섬 한우에서 맛있는 한우 먹기 :),http://blog.naver.com/dlrhdmssla?Redirect=Log&logNo=221320169776
희정보감족 :  뚝섬 역 맛집 족발,http://blog.naver.com/aaa8402?Redirect=Log&logNo=221318661199
[ 뚝섬 유원지역 카페] coffee the sol *커피더쏠*,http://blog.naver.com/clzl128?Redirect=Log&logNo=221321581671
" 뚝섬 유원지 카페 더 쏠_우리가 다녀간 곳,",http://blog.naver.com/scriabin02?Redirect=Log&logNo=221307458730
" 뚝섬 유원지 맛집, 아울림",http://blog.naver.com/hyunjin7415?Redirect=Log&logNo=221314112626
 뚝섬  능소화 :: g9x mark2 캐논 하이엔드 카메라,http://blog.naver.com/shootar?Redirect=Log&logNo=221321518917
 뚝섬  맛집 - 성수동 간판없는집 (홍촌닭발) : 숙주 국물닭발 사랑,http://blog.naver.com/teemoticon?Redirect=Log&logNo=221320678359
 뚝섬  수영장,http://blog.naver.com/yoolm76?Redirect=Log&logNo=221320770054
한강  뚝섬 유원지,http://blog.naver.com/sansillyoung?Redirect=Log&logNo=221321333027
 뚝섬 역 점심 '르번미'  뚝섬 역 쌀국수 맛집 혼밥하기에도 좋아요~,http://blog.naver.com/msunh?Redirect=Log&logNo=221312676664
[ 뚝섬 ] 성수 파스타 맛집 완전 강추! 팩피 (FAGP) 후기,http://blog.naver.com/lse7927?Redirect=Log&logNo=221317597183
 뚝섬 골목식당 테이 배테랑수제버거 성수동 생선보감,http://blog.naver.com/sajapyung?Redirect=Log&logNo=221310489622
성수동사무실  뚝섬 역사무실 실 45평 3천 250,http://blog.naver.com/tgunique?Redirect=Log&logNo=221308184953
핫한 불금에  뚝섬 유원지 맛집인 그남자의덮밥에 다녀왔습니다,http://blog.naver.com/lovellz6?Redirect=Log&logNo=221323369013
[ 뚝섬 역 맛집]훠궈하오,http://blog.naver.com/ebjwbeat?Redirect=Log&logNo=221308702257
서울  뚝섬 한강공원과 윈드서핑,http://blog.naver.com/brighthyeoks?Redirect=Log&logNo=221322721854
"한강  뚝섬 유원지, 전망문화콤플렉스 자벌레",http://blog.naver.com/you1620?Redirect=Log&logNo=221318279683
성수동  뚝섬  '할머니의 레시피' 가정식 백반집,http://blog.naver.com/7277466?Redirect=Log&logNo=221322536320
순남시래기 : 성수동 ( 뚝섬 역 서울숲역) 시래기국 전문 식당,http://blog.naver.com/yjoshjh?Redirect=Log&logNo=221323787036
" 뚝섬  능소화 인물사진, 장소안내",http://blog.naver.com/trjunnylee?Redirect=Log&logNo=221314028385
백종원 골목식당  뚝섬  경양식집 표절의혹에 법적공방!,http://blog.naver.com/haleejjang1?Redirect=Log&logNo=221323093004
 뚝섬 유원지 주말 일상,http://blog.naver.com/inyusoo?Redirect=Log&logNo=221319690862
저녁밥 소화 시키기 위해 딱좋은  뚝섬  한강공원에서 음악분수... ,http://blog.naver.com/hyesungcar?Redirect=Log&logNo=221309815326
서울숲 갔다가  뚝섬 역에서 덮밥 먹고 온 이야기~,http://blog.naver.com/514063hm?Redirect=Log&logNo=221318338884
골목식당  뚝섬 편 샐러드집은 합격 경양식집은 판단 유보,http://blog.naver.com/sbkim527?Redirect=Log&logNo=221318982125
백채김치찌개 : 성수동( 뚝섬 역) 김치찌개 전문 식당,http://blog.naver.com/yjoshjh?Redirect=Log&logNo=221310844851
한강  뚝섬 유원지에서 그랜트 버지 모스카토와 함께 피크닉~,http://blog.naver.com/514063hm?Redirect=Log&logNo=221317795128
" 뚝섬 유원지 카페, 카페에이룸",http://blog.naver.com/kong9ma?Redirect=Log&logNo=221303766766
 뚝섬 유원지에서 먹방먹방!,http://blog.naver.com/hongteaho?Redirect=Log&logNo=221317191027
 뚝섬 역 맛집 이흥부 오향족발,http://blog.naver.com/pure_o_o?Redirect=Log&logNo=221324028078
성동구 성수동 뚝섬  와플 맛집 [모퉁이와플],http://blog.naver.com/woodollove?Redirect=Log&logNo=221320078071
[일상]  뚝섬 유원지에서 치킨처럼~,http://blog.naver.com/yumicool?Redirect=Log&logNo=221316207932
성수 맛집 장미식탁  뚝섬 역 맛집,http://blog.naver.com/ilho6004?Redirect=Log&logNo=221310194097
[성수동 맛집] 밀본 :  뚝섬 역 칼국수 전문 식당 6.... ,http://blog.naver.com/yjoshjh?Redirect=Log&logNo=221312256280
 뚝섬  점심 : 서울롤 - 테이 수제버거는 덤~!,http://blog.naver.com/reeyae?Redirect=Log&logNo=221316888859
골목식당  뚝섬  경양식집 플레이티 표절의혹에 대해 법적대응,http://blog.naver.com/doli4?Redirect=Log&logNo=221323516157
 뚝섬  맛집 삽다리 곱창 막창 맛집 여기찜,http://blog.naver.com/jkaursky?Redirect=Log&logNo=221309958757
한촌설렁탕 : 성수동 ( 뚝섬 역) 설렁탕 전문 식당 from 감미옥... ,http://blog.naver.com/yjoshjh?Redirect=Log&logNo=221319546742
 뚝섬    서울숲 : 앤 아더 (&amp; Other),http://blog.naver.com/yn0819?Redirect=Log&logNo=221323930274
[ 뚝섬 ] 2018 별난장터 - 그린바캉스장터,http://blog.naver.com/bsfleamarket?Redirect=Log&logNo=221308724396
" 뚝섬 역 서울숲 맛집 &quot;유가츠&quot;, 에비동이 맛있는 일식집",http://blog.naver.com/m100409?Redirect=Log&logNo=221314604607
[ 뚝섬 성수] 브런치 카페 cafe A room,http://blog.naver.com/eyhad42?Redirect=Log&logNo=221310485806
서울 &quot;  뚝섬  유원지 능소화벽 &quot;,http://blog.naver.com/tiza26?Redirect=Log&logNo=221312678468
 뚝섬 역 미용실: 성수살롱. 탈색머리 염색하기 :),http://blog.naver.com/aoiaiko?Redirect=Log&logNo=221308518259
[성수동 맛집] 정스(Jung's) :  뚝섬 역 아담한 식당 (한식... ,http://blog.naver.com/yjoshjh?Redirect=Log&logNo=221321346834
강남면옥 : 성수동( 뚝섬 역) 함흥냉면 갈비탕 만두 전문 식당,http://blog.naver.com/yjoshjh?Redirect=Log&logNo=221319049533
 뚝섬  서울 숲 돌아보기...,http://blog.naver.com/yhleeoci?Redirect=Log&logNo=221323948949
 뚝섬 유원지 카페 :: 카페에이룸   모닝빵샌드위치 좋아,http://blog.naver.com/iamdolza?Redirect=Log&logNo=221314452185
 뚝섬 역 점심 맛집 5군데 추천 !,http://blog.naver.com/teeger99?Redirect=Log&logNo=221316989632
 뚝섬 역 돈까스 맛집 호타루 방문기~!!,http://blog.naver.com/dydrla85?Redirect=Log&logNo=221321406762
 뚝섬 역 매머드 자몽에이드 맛나용~!,http://blog.naver.com/dydrla85?Redirect=Log&logNo=221321412251
(210)  뚝섬 역 역명판,http://blog.naver.com/rok1997?Redirect=Log&logNo=221322190389
"익산 부송동  뚝섬 횟집 점심특선 우럭탕 10,000원",http://blog.naver.com/kykkklove?Redirect=Log&logNo=221322174996
 뚝섬 역치과 바쁜 직장인을 위한 일요일치과!,http://blog.daum.net/joyunsu/731
 뚝섬 역치과 기대되는 결과,http://blog.daum.net/mickkyc/4
 뚝섬  한강수영장 가성비갑,http://colorful-world.tistory.com/entry/%EB%9A%9D%EC%84%AC-%ED%95%9C%EA%B0%95%EC%88%98%EC%98%81%EC%9E%A5
거미동 넷토스케치의 원류는 역시  뚝섬 유원지역,http://blog.daum.net/streetart/16152127
성수동피티  뚝섬 역피티 디짐 입니다.,http://blog.naver.com/ldk09222?Redirect=Log&logNo=221312902082
