골,http://blog.naver.com/sajapyung?Redirect=Log&logNo=221322673974
백,http://blog.naver.com/treewg?Redirect=Log&logNo=221323550598
[,http://blog.naver.com/kescomiri?Redirect=Log&logNo=221322717469
 ,http://blog.naver.com/parkjin0413?Redirect=Log&logNo=221323531679
백,http://blog.naver.com/ppoby1004?Redirect=Log&logNo=221323261779
런,http://blog.naver.com/winslo25?Redirect=Log&logNo=221322548299
 ,http://blog.naver.com/vernie222?Redirect=Log&logNo=221322926667
한,http://blog.naver.com/wendy523?Redirect=Log&logNo=221320592776
백,http://blog.naver.com/sky52640?Redirect=Log&logNo=221303950643
백,http://blog.naver.com/sjewelryshop?Redirect=Log&logNo=221314013841
분,http://blog.naver.com/bringblingme?Redirect=Log&logNo=221322784988
 ,http://blog.naver.com/mtn44?Redirect=Log&logNo=221321764478
강,http://blog.naver.com/yjoshjh?Redirect=Log&logNo=221323470810
[,http://blog.naver.com/loploo?Redirect=Log&logNo=221319291182
 ,http://blog.naver.com/usgreen99?Redirect=Log&logNo=221312882068
 ,http://blog.naver.com/newsta?Redirect=Log&logNo=221317721367
 ,http://blog.naver.com/dbwls0315?Redirect=Log&logNo=221309598043
서,http://blog.naver.com/junsnet?Redirect=Log&logNo=221318703701
여,http://blog.naver.com/juliet548?Redirect=Log&logNo=221311253353
한,http://blog.naver.com/lyj0088?Redirect=Log&logNo=221314961106
백,http://blog.naver.com/precesion?Redirect=Log&logNo=221299718071
백,http://blog.naver.com/jsjung1999?Redirect=Log&logNo=221308662661
축,http://blog.naver.com/smoker3?Redirect=Log&logNo=221307397116
[,http://blog.naver.com/dpqmsanwha?Redirect=Log&logNo=221320579997
한,http://blog.naver.com/fakedrug?Redirect=Log&logNo=221315876785
[,http://blog.naver.com/sielle83?Redirect=Log&logNo=221317752356
 ,http://blog.naver.com/gospel416?Redirect=Log&logNo=221318737727
 ,http://blog.naver.com/cnflek?Redirect=Log&logNo=221311531294
[,http://blog.naver.com/clzl128?Redirect=Log&logNo=221315578636
 ,http://blog.naver.com/mymy315?Redirect=Log&logNo=221314939215
퇴,http://blog.naver.com/you_0604?Redirect=Log&logNo=221320044758
성,http://blog.naver.com/7277466?Redirect=Log&logNo=221322536320
성,http://blog.naver.com/ilho6004?Redirect=Log&logNo=221321661840
골,http://blog.naver.com/staroflight?Redirect=Log&logNo=221320200960
백,http://blog.naver.com/sajapyung?Redirect=Log&logNo=221311902100
한,http://blog.naver.com/felti?Redirect=Log&logNo=221315631340
 ,http://blog.naver.com/teemoticon?Redirect=Log&logNo=221320678359
서,http://blog.naver.com/brighthyeoks?Redirect=Log&logNo=221322721854
성,http://blog.naver.com/ldk09222?Redirect=Log&logNo=221321987262
백,http://blog.naver.com/jsjung1999?Redirect=Log&logNo=221309697020
 ,http://blog.naver.com/chojh0616?Redirect=Log&logNo=221320586991
 ,http://blog.naver.com/shootar?Redirect=Log&logNo=221321518917
[,http://blog.naver.com/clzl128?Redirect=Log&logNo=221321581671
[,http://blog.naver.com/nio9227?Redirect=Log&logNo=221315334530
[,http://blog.naver.com/dlrhdmssla?Redirect=Log&logNo=221320169776
희,http://blog.naver.com/aaa8402?Redirect=Log&logNo=221318661199
 ,http://blog.naver.com/yoolm76?Redirect=Log&logNo=221320770054
 ,http://blog.naver.com/scriabin02?Redirect=Log&logNo=221307458730
핫,http://blog.naver.com/lovellz6?Redirect=Log&logNo=221323369013
건,http://blog.naver.com/dhsy0619?Redirect=Log&logNo=221308424236
 ,http://blog.naver.com/hyunjin7415?Redirect=Log&logNo=221314112626
성,http://blog.naver.com/ldk09222?Redirect=Log&logNo=221312902082
 ,http://blog.naver.com/sajapyung?Redirect=Log&logNo=221310489622
한,http://blog.naver.com/sansillyoung?Redirect=Log&logNo=221321333027
 ,http://blog.naver.com/msunh?Redirect=Log&logNo=221312676664
[,http://blog.naver.com/lse7927?Redirect=Log&logNo=221317597183
성,http://blog.naver.com/tgunique?Redirect=Log&logNo=221308184953
 ,http://blog.naver.com/goeun615?Redirect=Log&logNo=221321691795
[,http://blog.naver.com/ebjwbeat?Redirect=Log&logNo=221308702257
한,http://blog.naver.com/you1620?Redirect=Log&logNo=221318279683
백,http://blog.naver.com/haleejjang1?Redirect=Log&logNo=221323093004
 ,http://blog.naver.com/trjunnylee?Redirect=Log&logNo=221314028385
 ,http://blog.naver.com/inyusoo?Redirect=Log&logNo=221319690862
서,http://blog.naver.com/514063hm?Redirect=Log&logNo=221318338884
저,http://blog.naver.com/hyesungcar?Redirect=Log&logNo=221309815326
골,http://blog.naver.com/sbkim527?Redirect=Log&logNo=221318982125
 ,http://blog.naver.com/hongteaho?Redirect=Log&logNo=221317191027
성,http://blog.naver.com/woodollove?Redirect=Log&logNo=221320078071
한,http://blog.naver.com/514063hm?Redirect=Log&logNo=221317795128
백,http://blog.naver.com/yjoshjh?Redirect=Log&logNo=221310844851
 ,http://blog.naver.com/kong9ma?Redirect=Log&logNo=221303766766
골,http://blog.naver.com/doli4?Redirect=Log&logNo=221323516157
[,http://blog.naver.com/yumicool?Redirect=Log&logNo=221316207932
성,http://blog.naver.com/ilho6004?Redirect=Log&logNo=221310194097
[,http://blog.naver.com/yjoshjh?Redirect=Log&logNo=221312256280
 ,http://blog.naver.com/reeyae?Redirect=Log&logNo=221316888859
 ,http://blog.naver.com/jkaursky?Redirect=Log&logNo=221309958757
한,http://blog.naver.com/yjoshjh?Redirect=Log&logNo=221319546742
[,http://blog.naver.com/bsfleamarket?Redirect=Log&logNo=221308724396
 ,http://blog.naver.com/m100409?Redirect=Log&logNo=221314604607
[,http://blog.naver.com/eyhad42?Redirect=Log&logNo=221310485806
서,http://blog.naver.com/tiza26?Redirect=Log&logNo=221312678468
 ,http://blog.naver.com/aoiaiko?Redirect=Log&logNo=221308518259
[,http://blog.naver.com/yjoshjh?Redirect=Log&logNo=221321346834
강,http://blog.naver.com/yjoshjh?Redirect=Log&logNo=221314285660
강,http://blog.naver.com/yjoshjh?Redirect=Log&logNo=221319049533
웨,http://blog.naver.com/yjoshjh?Redirect=Log&logNo=221320178573
 ,http://blog.naver.com/teeger99?Redirect=Log&logNo=221316989632
 ,http://blog.naver.com/iamdolza?Redirect=Log&logNo=221314452185
 ,http://blog.naver.com/king451263?Redirect=Log&logNo=221320443940
 ,http://blog.naver.com/dydrla85?Redirect=Log&logNo=221321406762
 ,http://blog.naver.com/dydrla85?Redirect=Log&logNo=221321412251
(,http://blog.naver.com/rok1997?Redirect=Log&logNo=221322190389
익,http://blog.naver.com/kykkklove?Redirect=Log&logNo=221322174996
 ,http://blog.naver.com/iangela74?Redirect=Log&logNo=221320437430
 ,http://blog.daum.net/joyunsu/731
 ,http://blog.daum.net/mickkyc/4
 ,http://colorful-world.tistory.com/entry/%EB%9A%9D%EC%84%AC-%ED%95%9C%EA%B0%95%EC%88%98%EC%98%81%EC%9E%A5
거,http://blog.daum.net/streetart/16152127
 ,http://blog.naver.com/jyyoon618?Redirect=Log&logNo=221304240485
